{
    "rmse": 0.6761441612892348,
    "mae": 0.5139726057641864,
    "r2": 0.30138917046833313
}